{
  "glyphs": {
    "A": {"ha": 667, "x_min": 0, "x_max": 645, "o": "m 325 667 l 645 0 l 529 0 l 456 213 l 189 213 l 116 0 l 0 0 l 325 667 z m 238 304 l 322 304 l 233 545 l 411 545 z "},
    "R": {"ha": 629, "x_min": 76, "x_max": 617, "o": "m 81 667 l 329 667 q 471 631 457 667 q 488 561 488 595 q 478 488 488 526 q 422 434 463 449 q 471 389 440 418 q 518 321 501 360 q 546 246 536 282 q 557 169 555 209 q 571 76 558 128 l 455 76 q 435 169 455 119 q 379 249 415 219 q 282 278 342 278 l 194 278 l 194 76 l 81 76 l 81 667 z m 194 379 l 194 565 l 320 565 q 381 546 361 565 q 402 502 402 527 q 383 462 402 480 q 329 439 364 444 l 194 379 z "},
    "P": {"ha": 592, "x_min": 76, "x_max": 573, "o": "m 81 667 l 336 667 q 517 604 487 667 q 547 525 547 541 q 534 419 547 466 q 467 343 517 372 q 355 310 416 310 l 194 310 l 194 76 l 81 76 l 81 667 z m 194 400 l 194 563 l 333 563 q 403 541 380 563 q 427 493 427 520 q 403 445 427 471 q 336 416 380 420 l 194 400 z "},
    "I": {"ha": 270, "x_min": 81, "x_max": 188, "o": "m 81 667 l 194 667 l 194 76 l 81 76 l 81 667 z "},
    "T": {"ha": 594, "x_min": 0, "x_max": 587, "o": "m 245 554 l 1 554 l 1 667 l 586 667 l 586 554 l 358 554 l 358 76 l 245 76 l 245 554 z "}
  },
  "familyName": "Inter",
  "ascender": 953,
  "descender": -250,
  "underlinePosition": -100,
  "underlineThickness": 50,
  "boundingBox": {"yMin": -295, "xMin": -305, "yMax": 1010, "xMax": 2200},
  "resolution": 1000,
  "original_font_information": {"format": 0, "copyright": "Copyright © 2020 The Inter Project Authors https://github.com/rsms/inter", "fontFamily": "Inter", "fontSubfamily": "Bold", "uniqueID": "3.19;RSMS;Inter-Bold", "fullName": "Inter Bold", "version": "3.19", "postScriptName": "Inter-Bold", "trademark": "Inter is a trademark of Rasmus Andersson.", "manufacturer": "The Inter Project Authors", "designer": "Rasmus Andersson", "manufacturerURL": "https://rsms.me/", "designerURL": "https://rsms.me/", "licence": "This Font Software is licensed under the SIL Open Font License, Version 1.1. This license is available with a FAQ at: http://scripts.sil.org/OFL", "licenceURL": "http://scripts.sil.org/OFL"},
  "unitsPerEm": 1000,
  "kerning": {}
}